Wavelength (nm),Excitation Filter,Wavelength (nm),Emission Filter,Wavelength (nm),Dichroic
300,9.5e-07,300,9.66e-07,350,0.0436
301,9.5e-07,301,9.5e-07,351,0.0778
302,9.5e-07,302,9.5e-07,352,0.109
303,9.5e-07,303,9.5e-07,353,0.125
304,9.5e-07,304,9.5e-07,354,0.113
305,1.3e-06,305,9.5e-07,355,0.104
306,1.5e-06,306,1.89e-06,356,0.133
307,9.5e-07,307,9.5e-07,357,0.212
308,2.61e-06,308,1.02e-06,358,0.312
309,9.5e-07,309,1.85e-06,359,0.344
310,9.5e-07,310,9.5e-07,360,0.306
311,9.5e-07,311,9.5e-07,361,0.257
312,9.5e-07,312,3.26e-06,362,0.262
313,9.5e-07,313,9.5e-07,363,0.312
314,9.66e-07,314,9.5e-07,364,0.346
315,3.34e-06,315,9.5e-07,365,0.347
316,9.5e-07,316,9.5e-07,366,0.338
317,9.5e-07,317,2.36e-06,367,0.324
318,1.02e-06,318,9.5e-07,368,0.277
319,9.56e-07,319,3.66e-06,369,0.208
320,9.5e-07,320,9.5e-07,370,0.186
321,9.5e-07,321,9.5e-07,371,0.224
322,9.5e-07,322,9.5e-07,372,0.265
323,1.75e-06,323,9.5e-07,373,0.212
324,9.5e-07,324,8.21e-06,374,0.0988
325,9.5e-07,325,9.5e-07,375,0.0338
326,9.5e-07,326,9.5e-07,376,0.014
327,9.5e-07,327,1.48e-06,377,0.00861
328,9.5e-07,328,1.11e-06,378,0.00662
329,9.5e-07,329,2.56e-06,379,0.00579
330,9.5e-07,330,9.5e-07,380,0.00559
331,9.5e-07,331,1.46e-06,381,0.00595
332,9.5e-07,332,9.5e-07,382,0.00709
333,9.5e-07,333,9.5e-07,383,0.00898
334,9.5e-07,334,2.18e-06,384,0.0134
335,9.5e-07,335,3.18e-06,385,0.0223
336,9.5e-07,336,9.5e-07,386,0.035
337,9.5e-07,337,9.5e-07,387,0.0423
338,9.5e-07,338,9.5e-07,388,0.0346
339,9.5e-07,339,1.32e-06,389,0.0237
340,9.5e-07,340,2.09e-06,390,0.0182
341,9.5e-07,341,2.08e-06,391,0.0176
342,9.5e-07,342,1.24e-06,392,0.023
343,1.05e-06,343,2.99e-06,393,0.029
344,9.5e-07,344,1.94e-06,394,0.0295
345,9.5e-07,345,2.76e-06,395,0.0237
346,9.5e-07,346,3.96e-06,396,0.0159
347,9.5e-07,347,4.61e-06,397,0.0104
348,9.5e-07,348,5.6e-06,398,0.0089
349,9.5e-07,349,1.07e-05,399,0.00928
350,9.5e-07,350,2.9e-05,400,0.0113
351,9.5e-07,351,3.12e-05,401,0.0147
352,9.5e-07,352,2.25e-05,402,0.0167
353,9.5e-07,353,4.59e-05,403,0.0148
354,9.5e-07,354,0.000102,404,0.00998
355,9.5e-07,355,7.01e-05,405,0.00648
356,9.5e-07,356,1.49e-05,406,0.00525
357,9.5e-07,357,9.29e-06,407,0.00417
358,1.39e-06,358,8.74e-05,408,0.00439
359,9.5e-07,359,0.000409,409,0.00505
360,9.5e-07,360,0.000116,410,0.00792
361,9.5e-07,361,1.15e-05,411,0.0106
362,9.5e-07,362,7.18e-06,412,0.0113
363,9.5e-07,363,6.12e-05,413,0.00954
364,9.5e-07,364,6.74e-05,414,0.00612
365,9.5e-07,365,4.26e-05,415,0.00413
366,9.5e-07,366,2.42e-05,416,0.00327
367,9.5e-07,367,2.65e-05,417,0.00284
368,9.5e-07,368,4.63e-05,418,0.00314
369,9.5e-07,369,7.36e-06,419,0.00384
370,9.5e-07,370,5.27e-06,420,0.00485
371,9.5e-07,371,4.42e-05,421,0.00647
372,9.5e-07,372,0.000425,422,0.00907
373,9.5e-07,373,0.000156,423,0.00959
374,9.5e-07,374,3.82e-06,424,0.00827
375,9.5e-07,375,3.22e-06,425,0.00563
376,9.5e-07,376,8.48e-05,426,0.00353
377,9.5e-07,377,3.48e-05,427,0.00306
378,1.05e-06,378,5.03e-06,428,0.00246
379,9.5e-07,379,6.33e-06,429,0.00294
380,9.5e-07,380,5.37e-05,430,0.00322
381,9.5e-07,381,2.01e-05,431,0.00454
382,9.5e-07,382,9.5e-07,432,0.00688
383,9.5e-07,383,8.8e-06,433,0.00997
384,9.5e-07,384,1.29e-05,434,0.0119
385,9.5e-07,385,9.5e-07,435,0.0106
386,9.5e-07,386,2.23e-06,436,0.00722
387,9.5e-07,387,1.55e-06,437,0.00487
388,9.5e-07,388,1e-06,438,0.00296
389,9.5e-07,389,9.5e-07,439,0.00267
390,1.31e-06,390,9.5e-07,440,0.00264
391,1.05e-06,391,9.5e-07,441,0.00331
392,9.5e-07,392,9.5e-07,442,0.00477
393,1.04e-06,393,9.5e-07,443,0.00671
394,1.01e-06,394,9.5e-07,444,0.0118
395,1.09e-06,395,9.5e-07,445,0.0186
396,1.72e-06,396,9.5e-07,446,0.0186
397,1.16e-06,397,9.5e-07,447,0.0121
398,1.7e-06,398,9.5e-07,448,0.0064
399,9.5e-07,399,9.5e-07,449,0.00365
400,9.5e-07,400,9.5e-07,450,0.00313
401,9.5e-07,401,9.5e-07,451,0.00338
402,9.5e-07,402,9.5e-07,452,0.00351
403,9.5e-07,403,9.5e-07,453,0.00313
404,9.5e-07,404,9.5e-07,454,0.00482
405,9.5e-07,405,9.5e-07,455,0.0124
406,9.5e-07,406,9.5e-07,456,0.0269
407,9.5e-07,407,9.5e-07,457,0.0287
408,9.5e-07,408,9.5e-07,458,0.0138
409,9.5e-07,409,9.5e-07,459,0.00343
410,9.5e-07,410,9.5e-07,460,0.00147
411,9.5e-07,411,9.5e-07,461,0.000799
412,9.5e-07,412,9.5e-07,462,0.000677
413,9.5e-07,413,9.5e-07,463,0.000402
414,9.5e-07,414,9.5e-07,464,0.000403
415,9.5e-07,415,9.5e-07,465,0.000379
416,9.5e-07,416,9.5e-07,466,0.000295
417,9.5e-07,417,9.5e-07,467,0.000357
418,9.5e-07,418,9.5e-07,468,0.00027
419,9.5e-07,419,9.5e-07,469,0.000364
420,9.5e-07,420,9.5e-07,470,0.000282
421,9.5e-07,421,9.5e-07,471,0.000164
422,9.5e-07,422,9.5e-07,472,0.000333
423,9.5e-07,423,9.5e-07,473,0.000318
424,9.5e-07,424,9.5e-07,474,0.000272
425,9.5e-07,425,9.5e-07,475,0.000373
426,9.5e-07,426,9.5e-07,476,0.000366
427,9.5e-07,427,9.5e-07,477,0.000425
428,9.5e-07,428,9.5e-07,478,0.000512
429,9.5e-07,429,9.5e-07,479,0.000464
430,9.5e-07,430,9.5e-07,480,0.000534
431,9.5e-07,431,9.5e-07,481,0.000656
432,9.5e-07,432,9.5e-07,482,0.000725
433,9.5e-07,433,9.5e-07,483,0.000971
434,9.5e-07,434,9.5e-07,484,0.00131
435,9.5e-07,435,9.5e-07,485,0.00173
436,9.5e-07,436,9.5e-07,486,0.00238
437,9.5e-07,437,9.5e-07,487,0.00332
438,9.5e-07,438,9.5e-07,488,0.00462
439,9.5e-07,439,9.5e-07,489,0.00684
440,9.5e-07,440,9.5e-07,490,0.00984
441,9.5e-07,441,9.5e-07,491,0.0135
442,9.5e-07,442,9.5e-07,492,0.0187
443,9.5e-07,443,9.5e-07,493,0.0263
444,9.5e-07,444,9.5e-07,494,0.0351
445,9.5e-07,445,9.5e-07,495,0.0458
446,9.5e-07,446,9.5e-07,496,0.0598
447,9.5e-07,447,9.5e-07,497,0.0809
448,9.5e-07,448,9.5e-07,498,0.106
449,9.5e-07,449,9.5e-07,499,0.144
450,9.5e-07,450,9.5e-07,500,0.191
451,9.5e-07,451,9.5e-07,501,0.25
452,9.53e-07,452,9.5e-07,502,0.314
453,1.51e-06,453,9.5e-07,503,0.384
454,2.48e-06,454,9.5e-07,504,0.443
455,4.13e-06,455,9.5e-07,505,0.491
456,1.03e-05,456,9.5e-07,506,0.549
457,2.89e-05,457,9.5e-07,507,0.628
458,8.35e-05,458,9.5e-07,508,0.733
459,0.000297,459,9.5e-07,509,0.833
460,0.00124,460,9.5e-07,510,0.897
461,0.00552,461,9.5e-07,511,0.929
462,0.0251,462,9.5e-07,512,0.941
463,0.12,463,9.5e-07,513,0.945
464,0.47,464,9.5e-07,514,0.947
465,0.877,465,9.5e-07,515,0.947
466,0.934,466,9.5e-07,516,0.948
467,0.937,467,9.5e-07,517,0.948
468,0.965,468,9.5e-07,518,0.947
469,0.978,469,9.5e-07,519,0.945
470,0.971,470,9.5e-07,520,0.943
471,0.96,471,9.5e-07,521,0.94
472,0.961,472,9.5e-07,522,0.939
473,0.97,473,9.5e-07,523,0.938
474,0.977,474,9.5e-07,524,0.938
475,0.978,475,9.5e-07,525,0.939
476,0.973,476,9.5e-07,526,0.94
477,0.976,477,9.5e-07,527,0.941
478,0.974,478,9.5e-07,528,0.942
479,0.974,479,9.5e-07,529,0.942
480,0.978,480,9.5e-07,530,0.942
481,0.978,481,9.5e-07,531,0.941
482,0.978,482,9.5e-07,532,0.941
483,0.973,483,9.5e-07,533,0.939
484,0.976,484,9.5e-07,534,0.939
485,0.978,485,9.5e-07,535,0.941
486,0.978,486,9.5e-07,536,0.942
487,0.973,487,9.5e-07,537,0.942
488,0.97,488,9.5e-07,538,0.943
489,0.976,489,9.5e-07,539,0.944
490,0.976,490,9.5e-07,540,0.945
491,0.976,491,9.5e-07,541,0.945
492,0.979,492,9.5e-07,542,0.945
493,0.949,493,9.5e-07,543,0.945
494,0.478,494,9.5e-07,544,0.944
495,0.239,495,9.5e-07,545,0.943
496,0.0331,496,9.5e-07,546,0.942
497,0.0118,497,9.5e-07,547,0.942
498,0.00333,498,9.5e-07,548,0.942
499,0.00112,499,9.5e-07,549,0.944
500,0.000435,500,9.5e-07,550,0.945
501,0.000187,501,9.5e-07,551,0.947
502,8.62e-05,502,9.5e-07,552,0.948
503,4.11e-05,503,9.5e-07,553,0.948
504,2.12e-05,504,1.98e-06,554,0.949
505,1.11e-05,505,5.31e-06,555,0.949
506,4.75e-06,506,1.28e-05,556,0.948
507,2.92e-06,507,3.49e-05,557,0.946
508,1.45e-06,508,9.92e-05,558,0.942
509,9.65e-07,509,0.000308,559,0.941
510,9.5e-07,510,0.00113,560,0.939
511,9.5e-07,511,0.00477,561,0.938
512,9.5e-07,512,0.0209,562,0.937
513,9.5e-07,513,0.0881,563,0.938
514,9.5e-07,514,0.306,564,0.939
515,9.5e-07,515,0.689,565,0.941
516,9.5e-07,516,0.912,566,0.944
517,9.5e-07,517,0.944,567,0.946
518,9.5e-07,518,0.952,568,0.949
519,9.5e-07,519,0.95,569,0.951
520,9.5e-07,520,0.948,570,0.951
521,9.5e-07,521,0.949,571,0.951
522,9.5e-07,522,0.952,572,0.95
523,9.5e-07,523,0.951,573,0.948
524,9.5e-07,524,0.952,574,0.945
525,9.5e-07,525,0.95,575,0.941
526,9.5e-07,526,0.949,576,0.938
527,9.5e-07,527,0.949,577,0.935
528,9.5e-07,528,0.949,578,0.933
529,9.5e-07,529,0.947,579,0.932
530,9.5e-07,530,0.947,580,0.931
531,9.5e-07,531,0.95,581,0.932
532,9.5e-07,532,0.951,582,0.934
533,9.5e-07,533,0.949,583,0.936
534,9.5e-07,534,0.945,584,0.938
535,9.5e-07,535,0.947,585,0.941
536,9.5e-07,536,0.952,586,0.943
537,9.5e-07,537,0.952,587,0.945
538,9.5e-07,538,0.95,588,0.945
539,9.5e-07,539,0.945,589,0.947
540,9.5e-07,540,0.944,590,0.948
541,9.5e-07,541,0.949,591,0.948
542,9.5e-07,542,0.953,592,0.948
543,9.5e-07,543,0.95,593,0.944
544,9.5e-07,544,0.948,594,0.942
545,9.5e-07,545,0.949,595,0.938
546,9.5e-07,546,0.949,596,0.937
547,9.5e-07,547,0.948,597,0.933
548,9.5e-07,548,0.948,598,0.932
549,9.5e-07,549,0.948,599,0.928
550,9.5e-07,550,0.946,600,0.927
551,9.5e-07,551,0.937,601,0.93
552,9.5e-07,552,0.935,602,0.932
553,9.5e-07,553,0.939,603,0.933
554,9.5e-07,554,0.839,604,0.936
555,9.5e-07,555,0.463,605,0.938
556,9.5e-07,556,0.213,606,0.941
557,9.5e-07,557,0.0751,607,0.944
558,9.5e-07,558,0.0352,608,0.947
559,9.5e-07,559,0.0174,609,0.95
560,9.5e-07,560,0.0095,610,0.951
561,9.5e-07,561,0.00565,611,0.954
562,9.5e-07,562,0.00356,612,0.954
563,9.5e-07,563,0.00232,613,0.953
564,9.5e-07,564,0.00153,614,0.952
565,9.5e-07,565,0.00102,615,0.95
566,9.5e-07,566,0.000666,616,0.947
567,9.5e-07,567,0.000445,617,0.945
568,9.5e-07,568,0.000297,618,0.942
569,9.5e-07,569,0.000205,619,0.94
570,9.5e-07,570,0.000143,620,0.939
571,9.5e-07,571,0.0001,621,0.938
572,9.5e-07,572,7.36e-05,622,0.937
573,9.5e-07,573,5.47e-05,623,0.937
574,9.5e-07,574,4.17e-05,624,0.937
575,9.5e-07,575,3.19e-05,625,0.937
576,9.5e-07,576,2.42e-05,626,0.938
577,9.5e-07,577,1.81e-05,627,0.94
578,9.5e-07,578,1.46e-05,628,0.942
579,9.5e-07,579,1.15e-05,629,0.944
580,9.5e-07,580,8.45e-06,630,0.945
581,9.5e-07,581,6.36e-06,631,0.947
582,9.5e-07,582,4.69e-06,632,0.949
583,9.5e-07,583,3.84e-06,633,0.949
584,9.5e-07,584,3.09e-06,634,0.949
585,9.5e-07,585,2.75e-06,635,0.949
586,9.5e-07,586,2.38e-06,636,0.949
587,9.5e-07,587,1.75e-06,637,0.948
588,9.5e-07,588,1.54e-06,638,0.947
589,9.5e-07,589,1.77e-06,639,0.944
590,9.5e-07,590,1.41e-06,640,0.941
591,9.5e-07,591,9.85e-07,641,0.939
592,9.5e-07,592,9.5e-07,642,0.936
593,9.5e-07,593,1.12e-06,643,0.934
594,9.5e-07,594,9.57e-07,644,0.932
595,9.5e-07,595,1.26e-06,645,0.929
596,9.5e-07,596,9.5e-07,646,0.926
597,9.5e-07,597,9.5e-07,647,0.925
598,9.5e-07,598,9.5e-07,648,0.924
599,9.5e-07,599,9.5e-07,649,0.925
600,9.5e-07,600,9.5e-07,650,0.925
601,1.01e-06,601,9.5e-07,651,0.927
602,3.27e-06,602,9.5e-07,652,0.928
603,1.11e-06,603,9.5e-07,653,0.93
604,9.5e-07,604,9.5e-07,654,0.931
605,9.5e-07,605,9.5e-07,655,0.934
606,1.48e-06,606,9.5e-07,656,0.936
607,2.23e-06,607,9.5e-07,657,0.938
608,1.2e-06,608,9.5e-07,658,0.939
609,9.5e-07,609,9.5e-07,659,0.94
610,9.5e-07,610,9.5e-07,660,0.942
611,9.5e-07,611,9.5e-07,661,0.942
612,9.5e-07,612,9.5e-07,662,0.941
613,9.5e-07,613,9.5e-07,663,0.941
614,9.5e-07,614,9.5e-07,664,0.941
615,9.5e-07,615,9.5e-07,665,0.94
616,9.5e-07,616,9.5e-07,666,0.938
617,9.5e-07,617,9.5e-07,667,0.936
618,9.5e-07,618,9.5e-07,668,0.933
619,9.5e-07,619,9.5e-07,669,0.931
620,9.5e-07,620,9.5e-07,670,0.928
621,9.5e-07,621,9.5e-07,671,0.926
622,9.5e-07,622,9.5e-07,672,0.923
623,9.5e-07,623,9.5e-07,673,0.921
624,9.5e-07,624,9.5e-07,674,0.921
625,9.5e-07,625,9.5e-07,675,0.92
626,9.5e-07,626,9.5e-07,676,0.919
627,9.5e-07,627,9.5e-07,677,0.919
628,9.5e-07,628,9.5e-07,678,0.919
629,9.5e-07,629,9.5e-07,679,0.92
630,9.5e-07,630,9.5e-07,680,0.92
631,9.5e-07,631,9.5e-07,681,0.922
632,9.5e-07,632,9.5e-07,682,0.924
633,9.5e-07,633,9.5e-07,683,0.925
634,9.5e-07,634,9.5e-07,684,0.927
635,9.5e-07,635,9.5e-07,685,0.928
636,9.5e-07,636,9.5e-07,686,0.93
637,9.5e-07,637,9.5e-07,687,0.932
638,9.5e-07,638,9.5e-07,688,0.935
639,9.5e-07,639,9.5e-07,689,0.938
640,9.5e-07,640,9.5e-07,690,0.941
641,9.5e-07,641,9.5e-07,691,0.943
642,9.5e-07,642,9.5e-07,692,0.945
643,9.5e-07,643,9.5e-07,693,0.945
644,9.5e-07,644,9.5e-07,694,0.947
645,9.5e-07,645,9.5e-07,695,0.948
646,9.5e-07,646,9.5e-07,696,0.948
647,9.5e-07,647,9.5e-07,697,0.947
648,9.5e-07,648,9.5e-07,698,0.947
649,9.5e-07,649,9.5e-07,699,0.946
650,9.5e-07,650,9.5e-07,700,0.946
651,9.5e-07,651,9.5e-07,701,0.946
652,9.5e-07,652,9.5e-07,702,0.944
653,9.5e-07,653,9.5e-07,703,0.943
654,9.5e-07,654,9.5e-07,704,0.942
655,9.5e-07,655,9.5e-07,705,0.941
656,9.5e-07,656,9.5e-07,706,0.94
657,9.5e-07,657,9.5e-07,707,0.939
658,9.5e-07,658,9.5e-07,708,0.939
659,9.5e-07,659,9.5e-07,709,0.938
660,9.5e-07,660,9.5e-07,710,0.938
661,9.5e-07,661,9.5e-07,711,0.938
662,9.5e-07,662,9.5e-07,712,0.938
663,9.5e-07,663,9.5e-07,713,0.939
664,9.5e-07,664,9.5e-07,714,0.939
665,9.5e-07,665,9.5e-07,715,0.94
666,9.5e-07,666,9.5e-07,716,0.942
667,9.5e-07,667,9.5e-07,717,0.943
668,9.5e-07,668,9.5e-07,718,0.944
669,9.5e-07,669,9.5e-07,719,0.945
670,9.5e-07,670,9.5e-07,720,0.946
671,9.5e-07,671,9.5e-07,721,0.947
672,9.5e-07,672,9.5e-07,722,0.948
673,9.5e-07,673,9.5e-07,723,0.948
674,9.5e-07,674,9.5e-07,724,0.949
675,9.5e-07,675,9.5e-07,725,0.949
676,9.5e-07,676,9.5e-07,726,0.948
677,9.5e-07,677,9.5e-07,727,0.947
678,9.5e-07,678,9.5e-07,728,0.946
679,9.5e-07,679,9.5e-07,729,0.945
680,9.5e-07,680,9.5e-07,730,0.943
681,1.01e-06,681,1.19e-06,731,0.942
682,9.5e-07,682,2.3e-06,732,0.942
683,1.54e-06,683,4.79e-06,733,0.941
684,1.55e-06,684,6.01e-06,734,0.94
685,2.26e-06,685,3.81e-06,735,0.94
686,1.91e-06,686,1.12e-06,736,0.939
687,1.86e-06,687,9.59e-07,737,0.939
688,9.5e-07,688,9.5e-07,738,0.938
689,1.06e-06,689,9.5e-07,739,0.938
690,9.5e-07,690,9.5e-07,740,0.936
691,9.5e-07,691,9.5e-07,741,0.937
692,9.5e-07,692,9.5e-07,742,0.936
693,9.5e-07,693,9.5e-07,743,0.937
694,9.5e-07,694,9.5e-07,744,0.939
695,9.5e-07,695,9.5e-07,745,0.938
696,9.5e-07,696,9.5e-07,746,0.938
697,9.5e-07,697,9.5e-07,747,0.941
698,9.5e-07,698,9.5e-07,748,0.94
699,9.5e-07,699,9.5e-07,749,0.941
700,9.5e-07,700,9.5e-07,750,0.942
701,9.5e-07,701,9.5e-07,751,0.941
702,9.5e-07,702,9.5e-07,752,0.942
703,9.5e-07,703,9.5e-07,753,0.944
704,9.5e-07,704,9.5e-07,754,0.944
705,9.5e-07,705,9.5e-07,755,0.944
706,9.5e-07,706,9.5e-07,756,0.944
707,9.5e-07,707,9.5e-07,757,0.943
708,9.5e-07,708,9.5e-07,758,0.944
709,9.5e-07,709,9.5e-07,759,0.943
710,9.5e-07,710,9.5e-07,760,0.942
711,9.5e-07,711,9.5e-07,761,0.941
712,9.5e-07,712,9.5e-07,762,0.942
713,9.5e-07,713,9.5e-07,763,0.94
714,9.5e-07,714,9.5e-07,764,0.938
715,9.5e-07,715,9.5e-07,765,0.937
716,9.5e-07,716,9.5e-07,766,0.937
717,9.5e-07,717,9.5e-07,767,0.935
718,9.5e-07,718,9.5e-07,768,0.933
719,9.5e-07,719,9.5e-07,769,0.932
720,9.5e-07,720,9.5e-07,770,0.93
721,9.5e-07,721,9.5e-07,771,0.929
722,9.5e-07,722,9.5e-07,772,0.929
723,9.5e-07,723,9.5e-07,773,0.928
724,9.5e-07,724,9.5e-07,774,0.928
725,9.5e-07,725,9.5e-07,775,0.928
726,9.5e-07,726,1.49e-06,776,0.927
727,9.5e-07,727,9.5e-07,777,0.927
728,9.5e-07,728,9.5e-07,778,0.928
729,9.5e-07,729,9.5e-07,779,0.928
730,9.5e-07,730,1.81e-06,780,0.928
731,9.5e-07,731,1.66e-06,781,0.929
732,9.5e-07,732,9.5e-07,782,0.931
733,9.5e-07,733,9.5e-07,783,0.932
734,9.5e-07,734,1.68e-06,784,0.933
735,9.5e-07,735,9.5e-07,785,0.935
736,9.5e-07,736,1.51e-06,786,0.936
737,9.5e-07,737,4.83e-06,787,0.938
738,9.5e-07,738,5.74e-06,788,0.939
739,1.54e-06,739,1.13e-05,789,0.942
740,9.5e-07,740,2.27e-05,790,0.943
741,1.13e-06,741,6.76e-05,791,0.944
742,9.5e-07,742,0.000275,792,0.945
743,9.5e-07,743,0.000382,793,0.947
744,9.5e-07,744,0.00014,794,0.947
745,9.5e-07,745,5.7e-05,795,0.947
746,9.5e-07,746,3.06e-05,796,0.947
747,9.5e-07,747,2.03e-05,797,0.948
748,9.5e-07,748,1.78e-05,798,0.944
749,9.5e-07,749,1.34e-05,799,0.945
750,9.5e-07,750,1.16e-05,800,0.944
751,9.5e-07,751,8.81e-06,801,0.943
752,9.51e-07,752,1.19e-05,802,0.941
753,9.5e-07,753,1.18e-05,803,0.94
754,9.5e-07,754,1.28e-05,804,0.938
755,9.5e-07,755,1.16e-05,805,0.937
756,9.5e-07,756,1.57e-05,806,0.935
757,9.5e-07,757,1.63e-05,807,0.934
758,1.61e-06,758,1.85e-05,808,0.932
759,2.04e-06,759,2.24e-05,809,0.93
760,9.9e-07,760,3.06e-05,810,0.928
761,1.28e-06,761,4.62e-05,811,0.927
762,1.11e-06,762,6.46e-05,812,0.926
763,9.5e-07,763,0.000104,813,0.926
764,9.5e-07,764,0.00018,814,0.925
765,1.75e-06,765,0.000267,815,0.923
766,1.86e-06,766,0.000309,816,0.923
767,1.22e-06,767,0.00025,817,0.923
768,9.5e-07,768,0.000157,818,0.923
769,9.5e-07,769,0.00011,819,0.925
770,9.5e-07,770,8.11e-05,820,0.927
771,9.5e-07,771,5.64e-05,821,0.928
772,1.22e-06,772,4.64e-05,822,0.929
773,9.5e-07,773,4.1e-05,823,0.93
774,9.5e-07,774,3.36e-05,824,0.932
775,9.5e-07,775,3.05e-05,825,0.933
776,9.5e-07,776,2.54e-05,826,0.935
777,1.72e-06,777,2.5e-05,827,0.936
778,1.11e-06,778,2.03e-05,828,0.938
779,9.5e-07,779,2.31e-05,829,0.94
780,9.5e-07,780,2.09e-05,830,0.94
781,9.5e-07,781,1.76e-05,831,0.942
782,9.5e-07,782,1.55e-05,832,0.943
783,9.5e-07,783,1.54e-05,833,0.945
784,9.5e-07,784,1.89e-05,834,0.946
785,9.5e-07,785,1.73e-05,835,0.947
786,9.5e-07,786,2.36e-05,836,0.948
787,9.5e-07,787,2.15e-05,837,0.949
788,9.5e-07,788,3.42e-05,838,0.948
789,1.77e-06,789,3.68e-05,839,0.948
790,9.5e-07,790,4.29e-05,840,0.948
791,9.5e-07,791,5.85e-05,841,0.948
792,9.5e-07,792,6.77e-05,842,0.947
793,9.81e-07,793,9.59e-05,843,0.946
794,2.96e-06,794,0.000134,844,0.946
795,9.5e-07,795,0.000172,845,0.945
796,9.5e-07,796,0.000227,846,0.944
797,9.5e-07,797,0.000267,847,0.944
798,9.5e-07,798,0.000332,848,0.943
799,9.5e-07,799,0.000298,849,0.942
800,2.85e-06,800,0.000149,850,0.94
801,3.51e-06,801,0.000136,851,0.93872
802,2.5e-06,802,0.000122,852,0.93771
803,2.34e-06,803,0.000105,853,0.93633
804,1.93e-06,804,9.17e-05,854,0.93556
805,2.27e-06,805,7.82e-05,855,0.93476
806,1.88e-06,806,6.64e-05,856,0.93388
807,2.23e-06,807,5.8e-05,857,0.93262
808,1.9e-06,808,5.11e-05,858,0.93262
809,2.52e-06,809,4.6e-05,859,0.93293
810,1.99e-06,810,4.2e-05,860,0.9331
811,1.77e-06,811,3.99e-05,861,0.93272
812,1.91e-06,812,3.79e-05,862,0.93301
813,2.16e-06,813,3.6e-05,863,0.9335
814,1.74e-06,814,3.63e-05,864,0.93466
815,1.67e-06,815,3.71e-05,865,0.93497
816,1.66e-06,816,3.75e-05,866,0.93586
817,2.19e-06,817,4e-05,867,0.93716
818,1.87e-06,818,4.35e-05,868,0.93803
819,1.81e-06,819,4.74e-05,869,0.93888
820,1.55e-06,820,5.32e-05,870,0.93992
821,2.13e-06,821,6.08e-05,871,0.94142
822,2.23e-06,822,7.19e-05,872,0.94266
823,2.46e-06,823,8.49e-05,873,0.94374
824,2.27e-06,824,0.000102,874,0.94453
825,2.69e-06,825,0.000125,875,0.94553
826,1.64e-06,826,0.000152,876,0.94625
827,2.4e-06,827,0.000184,877,0.94711
828,1.79e-06,828,0.00022,878,0.94713
829,2.15e-06,829,0.00026,879,0.94693
830,2.35e-06,830,0.0003,880,0.94677
831,1.87e-06,831,0.000338,881,0.94656
832,1.65e-06,832,0.000375,882,0.94629
833,1.69e-06,833,0.000406,883,0.94576
834,1.33e-06,834,0.000429,884,0.94508
835,1.48e-06,835,0.000445,885,0.94537
836,1.55e-06,836,0.000451,886,0.9451
837,9.72e-07,837,0.000448,887,0.94533
838,9.5e-07,838,0.000437,888,0.94381
839,9.9e-07,839,0.000419,889,0.94275
840,1.84e-06,840,0.000397,890,0.94237
841,1.99e-06,841,0.00037,891,0.94249
842,1.75e-06,842,0.000343,892,0.94228
843,1.93e-06,843,0.000315,893,0.94031
844,2e-06,844,0.00029,894,0.9389
845,1.78e-06,845,0.000267,895,0.93741
846,2.41e-06,846,0.000247,896,0.93562
847,1.82e-06,847,0.000231,897,0.93429
848,2.1e-06,848,0.000218,898,0.93263
849,1.66e-06,849,0.000208,899,0.93145
850,2.1e-06,850,0.0002,900,0.93041
851,1.71e-06,851,0.000196,901,0.93051
852,1.85e-06,852,0.000195,902,0.92927
853,1.79e-06,853,0.000196,903,0.92911
854,1.49e-06,854,0.0002,904,0.92854
855,9.53e-07,855,0.000207,905,0.92958
856,9.5e-07,856,0.000217,906,0.92953
857,1.1e-06,857,0.000231,907,0.92901
858,1.13e-06,858,0.000249,908,0.92881
859,9.5e-07,859,0.000272,909,0.92814
860,9.5e-07,860,0.0003,910,0.92829
861,9.5e-07,861,0.000336,911,0.92929
862,9.5e-07,862,0.000379,912,0.93002
863,9.5e-07,863,0.000431,913,0.9301
864,9.5e-07,864,0.000497,914,0.93112
865,9.5e-07,865,0.000575,915,0.93185
866,9.5e-07,866,0.000669,916,0.93214
867,9.5e-07,867,0.000786,917,0.9319
868,9.5e-07,868,0.000922,918,0.93328
869,9.5e-07,869,0.00109,919,0.93447
870,9.5e-07,870,0.00128,920,0.93546
871,9.5e-07,871,0.00151,921,0.938
872,9.5e-07,872,0.00178,922,0.9389
873,9.5e-07,873,0.00209,923,0.9395
874,9.5e-07,874,0.00244,924,0.93996
875,9.5e-07,875,0.00282,925,0.94067
876,9.5e-07,876,0.00322,926,0.94125
877,9.5e-07,877,0.00365,927,0.94209
878,9.5e-07,878,0.00406,928,0.94248
879,9.5e-07,879,0.00445,929,0.94398
880,9.5e-07,880,0.00482,930,0.94469
881,9.5e-07,881,0.00513,931,0.94455
882,9.5e-07,882,0.00538,932,0.94427
883,9.5e-07,883,0.00557,933,0.94418
884,9.5e-07,884,0.00568,934,0.94427
885,9.5e-07,885,0.00574,935,0.94451
886,9.5e-07,886,0.00572,936,0.94439
887,9.5e-07,887,0.00567,937,0.94402
888,9.5e-07,888,0.00558,938,0.94428
889,9.5e-07,889,0.00547,939,0.94323
890,9.5e-07,890,0.00536,940,0.94212
891,9.5e-07,891,0.00527,941,0.94162
892,9.5e-07,892,0.00521,942,0.94074
893,9.5e-07,893,0.00519,943,0.93927
894,9.5e-07,894,0.00521,944,0.93862
895,9.5e-07,895,0.0053,945,0.93805
896,9.5e-07,896,0.00547,946,0.93765
897,9.5e-07,897,0.00571,947,0.93734
898,9.5e-07,898,0.00605,948,0.93617
899,9.5e-07,899,0.0065,949,0.93557
900,9.5e-07,900,0.00707,950,0.93439
901,9.5e-07,,,951,0.93393
902,9.5e-07,,,952,0.93392
903,9.5e-07,,,953,0.933
904,9.5e-07,,,954,0.93316
905,9.5e-07,,,955,0.93258
906,9.5e-07,,,956,0.93137
907,9.5e-07,,,957,0.9308
908,9.91e-07,,,958,0.93088
909,1.24e-06,,,959,0.93087
910,1.9e-06,,,960,0.93056
911,1.96e-06,,,961,0.93024
912,2.29e-06,,,962,0.92992
913,2.32e-06,,,963,0.93006
914,2.01e-06,,,964,0.93055
915,1.96e-06,,,965,0.93025
916,2.05e-06,,,966,0.93042
917,1.36e-06,,,967,0.93107
918,9.5e-07,,,968,0.9314
919,9.5e-07,,,969,0.93128
920,1.13e-06,,,970,0.93118
921,9.5e-07,,,971,0.93106
922,9.5e-07,,,972,0.93132
923,9.5e-07,,,973,0.93199
924,9.5e-07,,,974,0.93278
925,9.5e-07,,,975,0.93367
926,9.5e-07,,,976,0.93393
927,9.5e-07,,,977,0.93382
928,9.5e-07,,,978,0.93395
929,9.5e-07,,,979,0.93341
930,9.5e-07,,,980,0.93333
931,9.5e-07,,,981,0.93352
932,9.5e-07,,,982,0.93366
933,9.5e-07,,,983,0.9335
934,9.5e-07,,,984,0.93462
935,9.5e-07,,,985,0.93622
936,9.5e-07,,,986,0.93662
937,9.5e-07,,,987,0.93666
938,9.5e-07,,,988,0.93679
939,9.5e-07,,,989,0.93781
940,9.5e-07,,,990,0.9378
941,1.02e-06,,,991,0.93829
942,9.82e-07,,,992,0.93905
943,1.1e-06,,,993,0.93983
944,1.21e-06,,,994,0.94077
945,1.12e-06,,,995,0.94129
946,1.6e-06,,,996,0.94165
947,2e-06,,,997,0.94291
948,2.18e-06,,,998,0.94352
949,2.61e-06,,,999,0.94364
950,2.45e-06,,,1000,0.94375
951,2.91e-06,,,,
952,2.74e-06,,,,
953,2.32e-06,,,,
954,1.56e-06,,,,
955,1.79e-06,,,,
956,1.37e-06,,,,
957,1.19e-06,,,,
958,1.2e-06,,,,
959,1.25e-06,,,,
960,9.5e-07,,,,
961,9.5e-07,,,,
962,9.5e-07,,,,
963,1.06e-06,,,,
964,1.03e-06,,,,
965,9.5e-07,,,,
966,9.5e-07,,,,
967,9.5e-07,,,,
968,9.5e-07,,,,
969,9.5e-07,,,,
970,9.5e-07,,,,
971,9.5e-07,,,,
972,1.17e-06,,,,
973,9.5e-07,,,,
974,9.5e-07,,,,
975,1.19e-06,,,,
976,9.5e-07,,,,
977,9.5e-07,,,,
978,9.84e-07,,,,
979,9.5e-07,,,,
980,1.35e-06,,,,
981,1.19e-06,,,,
982,1.22e-06,,,,
983,1.82e-06,,,,
984,1.95e-06,,,,
985,2.17e-06,,,,
986,2.48e-06,,,,
987,3.04e-06,,,,
988,3.13e-06,,,,
989,5.06e-06,,,,
990,6.1e-06,,,,
991,7.18e-06,,,,
992,8.15e-06,,,,
993,8.59e-06,,,,
994,7.64e-06,,,,
995,7.1e-06,,,,
996,6.44e-06,,,,
997,5.23e-06,,,,
998,4.71e-06,,,,
999,4.26e-06,,,,
1000,3.48e-06,,,,
1001,2.87e-06,,,,
1002,2.44e-06,,,,
1003,2.69e-06,,,,
1004,2.66e-06,,,,
1005,2.33e-06,,,,
1006,1.83e-06,,,,
1007,2.38e-06,,,,
1008,2.21e-06,,,,
1009,2.13e-06,,,,
1010,1.88e-06,,,,
1011,1.83e-06,,,,
1012,1.99e-06,,,,
1013,2.07e-06,,,,
1014,2.01e-06,,,,
1015,2.03e-06,,,,
1016,2.22e-06,,,,
1017,2.53e-06,,,,
1018,2.11e-06,,,,
1019,2.82e-06,,,,
1020,2.83e-06,,,,
1021,2.58e-06,,,,
1022,3.59e-06,,,,
1023,3.86e-06,,,,
1024,4.36e-06,,,,
1025,4.57e-06,,,,
1026,5.28e-06,,,,
1027,6.02e-06,,,,
1028,7.15e-06,,,,
1029,8.22e-06,,,,
1030,9.55e-06,,,,
1031,1.18e-05,,,,
1032,1.38e-05,,,,
1033,1.66e-05,,,,
1034,1.93e-05,,,,
1035,2.3e-05,,,,
1036,2.65e-05,,,,
1037,3.01e-05,,,,
1038,3.32e-05,,,,
1039,3.5e-05,,,,
1040,3.61e-05,,,,
1041,3.63e-05,,,,
1042,3.55e-05,,,,
1043,3.36e-05,,,,
1044,3.22e-05,,,,
1045,3.01e-05,,,,
1046,2.9e-05,,,,
1047,2.7e-05,,,,
1048,2.62e-05,,,,
1049,2.47e-05,,,,
1050,2.43e-05,,,,
1051,2.35e-05,,,,
1052,2.3e-05,,,,
1053,2.27e-05,,,,
1054,2.28e-05,,,,
1055,2.28e-05,,,,
1056,2.35e-05,,,,
1057,2.38e-05,,,,
1058,2.45e-05,,,,
1059,2.53e-05,,,,
1060,2.7e-05,,,,
1061,2.83e-05,,,,
1062,2.98e-05,,,,
1063,3.18e-05,,,,
1064,3.45e-05,,,,
1065,3.73e-05,,,,
1066,4.01e-05,,,,
1067,4.41e-05,,,,
1068,4.87e-05,,,,
1069,5.35e-05,,,,
1070,5.88e-05,,,,
1071,6.58e-05,,,,
1072,7.27e-05,,,,
1073,8.12e-05,,,,
1074,9.05e-05,,,,
1075,0.000101,,,,
1076,0.000113,,,,
1077,0.000127,,,,
1078,0.000142,,,,
1079,0.000159,,,,
1080,0.000178,,,,
1081,0.000198,,,,
1082,0.000221,,,,
1083,0.000246,,,,
1084,0.000273,,,,
1085,0.000302,,,,
1086,0.000335,,,,
1087,0.000369,,,,
1088,0.000408,,,,
1089,0.000449,,,,
1090,0.000495,,,,
1091,0.000546,,,,
1092,0.000599,,,,
1093,0.000661,,,,
1094,0.000731,,,,
1095,0.000807,,,,
1096,0.000896,,,,
1097,0.000994,,,,
1098,0.00111,,,,
1099,0.00124,,,,
1100,0.00138,,,,
